variable,down_range,up_range
Flux90s,"[17434023167.0, 3846247470.0]","[2.55631525e+17, 1.900112e+17]"
temp_softbake,"[88.14100000000002, 88.551]","[95.957, 95.28]"
Energy_Exposure,"[104.163, 103.9145]","[112.069, 111.485]"
ppm,"[21.07, 21.94]","[49.91, 45.88]"
Source_Power,"[49.463125, 49.98]","[53.042125000000006, 52.567]"
